{"mean_absolute_error": 14537.463851134418, "mean_squared_error": 379019671.82791466, "_runtime": 6, "_timestamp": 1629884091, "_step": 1, "val mean_absolute_error": 14537.463851134418, "val mean_squared_error": 379019671.82791466, "_wandb": {"runtime": 7}}