{"mean_absolute_error": 23969.50863013698, "mean_squared_error": 1422933124.7487397, "_runtime": 8, "_timestamp": 1629882595, "_step": 1, "val mean_absolute_error": 23969.50863013698, "val mean_squared_error": 1422933124.7487397, "_wandb": {"runtime": 7}}