{"mean_absolute_error": 10827.124065251735, "mean_squared_error": 226354142.17452005, "_runtime": 7, "_timestamp": 1629881382, "_step": 1, "val mean_absolute_error": 10827.124065251735, "val mean_squared_error": 226354142.17452005, "_wandb": {"runtime": 7}}