{"mean_absolute_error": 37421.43287671233, "mean_squared_error": 3265112959.478082, "_runtime": 10, "_timestamp": 1629882625, "_step": 1, "val mean_absolute_error": 37421.43287671233, "val mean_squared_error": 3265112959.478082, "_wandb": {"runtime": 10}}