{"mean_absolute_error": 7577.599520547946, "mean_squared_error": 174444307.79174656, "_runtime": 9, "_timestamp": 1629883955, "_step": 1, "val mean_absolute_error": 7577.599520547946, "val mean_squared_error": 174444307.79174656, "_wandb": {"runtime": 7}}