{"mean_absolute_error": 10827.124065251732, "mean_squared_error": 226354142.17451996, "_runtime": 7, "_timestamp": 1629882105, "_step": 1, "val mean_absolute_error": 10827.124065251732, "val mean_squared_error": 226354142.17451996}