{"mean_absolute_error": 6716.027397260274, "mean_squared_error": 251939356.16438356, "_runtime": 13, "_timestamp": 1629887858, "_step": 1, "val mean_absolute_error": 6716.027397260274, "val mean_squared_error": 251939356.16438356}