{"mean_absolute_error": 37421.43287671233, "mean_squared_error": 3265112959.478082, "_runtime": 9, "_timestamp": 1629882365, "_step": 1, "val mean_absolute_error": 37421.43287671233, "val mean_squared_error": 3265112959.478082, "_wandb": {"runtime": 9}}